{
    "loss": 0.5886813402175903,
    "accuracy": 0.8706896305084229
}