{
    "loss": 0.4960353672504425,
    "accuracy": 0.9568965435028076
}